statement ok
create table t1 (id integer primary key, value integer);

statement ok
create table t2 (val text);

statement ok
insert into t1 (id, value) values (1, 1), (2, 2);

# Unqualified CTE aliases take precedence over tables
query II rowsort
with t2 as (select * from t1) select * from t2
----
1
1
2
2

skipif readyset
statement ok
CREATE SCHEMA s1

skipif readyset
statement ok
CREATE SCHEMA s2

statement ok
create table s2.t (x int);

statement ok
insert into s2.t (x) values (2);

statement ok
set search_path = s1, s2;

query I nosort
select x from t;
----
2

statement ok
create table s1.t (x int);

statement ok
insert into s1.t (x) values (1);


graphviz

query I nosort
select x from t;
----
1
