statement ok
create table t1 (x int, y int);

statement ok
insert into t1 (x, y) values
(1, 1),
(1, 2),
(2, 3)

query I valuesort
SELECT sq.x FROM (SELECT x FROM t1) sq;
----
1
1
2

query I valuesort
SELECT sq.* FROM (SELECT x FROM t1) sq;
----
1
1
2

query I valuesort
SELECT * FROM (SELECT x FROM t1) sq;
----
1
1
2
