statement ok
create table t1 (x int, y int, z int)

statement ok
create table t2 (x int, y int, z int)

statement ok
insert into t1 (x, y, z)
values
(1, 2, 3),
(2, 2, 3)

statement ok
insert into t2 (x, y, z)
values
(1, 1, 3),
(1, 2, 3)


query I nosort
SELECT count(*)
FROM t1
JOIN t2
ON t1.x = t2.x
AND t1.x = t2.y
----
1

query I nosort
SELECT count(*)
FROM t1
JOIN t2
ON t1.x = t2.x
WHERE t1.x = t2.y
----
1


query I nosort
SELECT count(*)
FROM t1, t2
WHERE t1.x = t2.x
AND t1.x = t2.y
----
1
